{
  "fold": 9,
  "size": [
    2112,
    1994188
  ],
  "score": 0.7687051393144966,
  "report": {
    "0": {
      "precision": 0.8984937786509496,
      "recall": 0.8607277289836889,
      "f1-score": 0.8792053828900993,
      "support": 1594
    },
    "1": {
      "precision": 0.6205128205128205,
      "recall": 0.7007722007722008,
      "f1-score": 0.658204895738894,
      "support": 518
    },
    "accuracy": 0.8214962121212122,
    "macro avg": {
      "precision": 0.7595032995818851,
      "recall": 0.7807499648779448,
      "f1-score": 0.7687051393144966,
      "support": 2112
    },
    "weighted avg": {
      "precision": 0.8303147368348743,
      "recall": 0.8214962121212122,
      "f1-score": 0.8250016649240366,
      "support": 2112
    }
  },
  "confusion_matriz": [
    [
      1372,
      222
    ],
    [
      155,
      363
    ]
  ],
  "parameters": {
    "C": 0.03125,
    "break_ties": false,
    "cache_size": 200,
    "class_weight": "balanced",
    "coef0": 0.0,
    "decision_function_shape": "ovr",
    "degree": 3,
    "gamma": "scale",
    "kernel": "linear",
    "max_iter": -1,
    "probability": false,
    "random_state": null,
    "shrinking": true,
    "tol": 0.001,
    "verbose": false
  }
}