{
  "fold": 5,
  "size": [
    4295,
    1994188
  ],
  "score": 0.9446845511148753,
  "report": {
    "0": {
      "precision": 0.9686648501362398,
      "recall": 0.8920953575909661,
      "f1-score": 0.9288047028086217,
      "support": 1594
    },
    "1": {
      "precision": 0.939158118146445,
      "recall": 0.9829692706405035,
      "f1-score": 0.9605643994211288,
      "support": 2701
    },
    "accuracy": 0.9492433061699651,
    "macro avg": {
      "precision": 0.9539114841413424,
      "recall": 0.9375323141157348,
      "f1-score": 0.9446845511148753,
      "support": 4295
    },
    "weighted avg": {
      "precision": 0.9501089285752536,
      "recall": 0.9492433061699651,
      "f1-score": 0.9487774479891529,
      "support": 4295
    }
  },
  "confusion_matriz": [
    [
      1422,
      172
    ],
    [
      46,
      2655
    ]
  ],
  "parameters": {
    "C": 0.125,
    "break_ties": false,
    "cache_size": 200,
    "class_weight": "balanced",
    "coef0": 0.0,
    "decision_function_shape": "ovr",
    "degree": 3,
    "gamma": "scale",
    "kernel": "linear",
    "max_iter": -1,
    "probability": false,
    "random_state": null,
    "shrinking": true,
    "tol": 0.001,
    "verbose": false
  }
}