{
  "fold": 8,
  "size": [
    3520,
    1994188
  ],
  "score": 0.908584838389817,
  "report": {
    "0": {
      "precision": 0.9519434628975265,
      "recall": 0.8450439146800501,
      "f1-score": 0.8953140578265205,
      "support": 1594
    },
    "1": {
      "precision": 0.8826603325415677,
      "recall": 0.9646936656282451,
      "f1-score": 0.9218556189531134,
      "support": 1926
    },
    "accuracy": 0.9105113636363636,
    "macro avg": {
      "precision": 0.9173018977195471,
      "recall": 0.9048687901541477,
      "f1-score": 0.908584838389817,
      "support": 3520
    },
    "weighted avg": {
      "precision": 0.9140345682766241,
      "recall": 0.9105113636363636,
      "f1-score": 0.9098365142838553,
      "support": 3520
    }
  },
  "confusion_matriz": [
    [
      1347,
      247
    ],
    [
      68,
      1858
    ]
  ],
  "parameters": {
    "C": 0.03125,
    "break_ties": false,
    "cache_size": 200,
    "class_weight": "balanced",
    "coef0": 0.0,
    "decision_function_shape": "ovr",
    "degree": 3,
    "gamma": "scale",
    "kernel": "linear",
    "max_iter": -1,
    "probability": false,
    "random_state": null,
    "shrinking": true,
    "tol": 0.001,
    "verbose": false
  }
}