{
  "fold": 8,
  "size": [
    1873,
    1994188
  ],
  "score": 0.8007062479201508,
  "report": {
    "0": {
      "precision": 0.997039230199852,
      "recall": 0.8450439146800501,
      "f1-score": 0.9147707979626486,
      "support": 1594
    },
    "1": {
      "precision": 0.5268199233716475,
      "recall": 0.985663082437276,
      "f1-score": 0.686641697877653,
      "support": 279
    },
    "accuracy": 0.8659903897490657,
    "macro avg": {
      "precision": 0.7619295767857497,
      "recall": 0.9153534985586631,
      "f1-score": 0.8007062479201508,
      "support": 1873
    },
    "weighted avg": {
      "precision": 0.926995884441673,
      "recall": 0.8659903897490657,
      "f1-score": 0.8807889405554334,
      "support": 1873
    }
  },
  "confusion_matriz": [
    [
      1347,
      247
    ],
    [
      4,
      275
    ]
  ],
  "parameters": {
    "C": 0.03125,
    "break_ties": false,
    "cache_size": 200,
    "class_weight": "balanced",
    "coef0": 0.0,
    "decision_function_shape": "ovr",
    "degree": 3,
    "gamma": "scale",
    "kernel": "linear",
    "max_iter": -1,
    "probability": false,
    "random_state": null,
    "shrinking": true,
    "tol": 0.001,
    "verbose": false
  }
}