{
  "fold": 5,
  "size": [
    2112,
    1994188
  ],
  "score": 0.8672753337378214,
  "report": {
    "0": {
      "precision": 0.9653767820773931,
      "recall": 0.8920953575909661,
      "f1-score": 0.9272905119008804,
      "support": 1594
    },
    "1": {
      "precision": 0.730829420970266,
      "recall": 0.9015444015444015,
      "f1-score": 0.8072601555747624,
      "support": 518
    },
    "accuracy": 0.8944128787878788,
    "macro avg": {
      "precision": 0.8481031015238296,
      "recall": 0.8968198795676838,
      "f1-score": 0.8672753337378214,
      "support": 2112
    },
    "weighted avg": {
      "precision": 0.9078504880179746,
      "recall": 0.8944128787878788,
      "f1-score": 0.8978512483701375,
      "support": 2112
    }
  },
  "confusion_matriz": [
    [
      1422,
      172
    ],
    [
      51,
      467
    ]
  ],
  "parameters": {
    "C": 0.125,
    "break_ties": false,
    "cache_size": 200,
    "class_weight": "balanced",
    "coef0": 0.0,
    "decision_function_shape": "ovr",
    "degree": 3,
    "gamma": "scale",
    "kernel": "linear",
    "max_iter": -1,
    "probability": false,
    "random_state": null,
    "shrinking": true,
    "tol": 0.001,
    "verbose": false
  }
}