{
  "fold": 5,
  "size": [
    4295,
    62792
  ],
  "score": 0.8401855392200517,
  "report": {
    "0": {
      "precision": 0.8196939454424484,
      "recall": 0.7728983688833124,
      "f1-score": 0.7956086535356797,
      "support": 1594
    },
    "1": {
      "precision": 0.8703438395415473,
      "recall": 0.899666790077749,
      "f1-score": 0.8847624249044238,
      "support": 2701
    },
    "accuracy": 0.8526193247962748,
    "macro avg": {
      "precision": 0.8450188924919979,
      "recall": 0.8362825794805306,
      "f1-score": 0.8401855392200517,
      "support": 4295
    },
    "weighted avg": {
      "precision": 0.8515461838502868,
      "recall": 0.8526193247962748,
      "f1-score": 0.8516748552742077,
      "support": 4295
    }
  },
  "confusion_matriz": [
    [
      1232,
      362
    ],
    [
      271,
      2430
    ]
  ],
  "parameters": {
    "C": 0.03125,
    "break_ties": false,
    "cache_size": 200,
    "class_weight": "balanced",
    "coef0": 0.0,
    "decision_function_shape": "ovr",
    "degree": 3,
    "gamma": "scale",
    "kernel": "linear",
    "max_iter": -1,
    "probability": false,
    "random_state": null,
    "shrinking": true,
    "tol": 0.001,
    "verbose": false
  }
}