{
  "fold": 1,
  "size": [
    4295,
    1994188
  ],
  "score": 0.9504243219164755,
  "report": {
    "0": {
      "precision": 0.9691275167785235,
      "recall": 0.9058971141781681,
      "f1-score": 0.9364461738002594,
      "support": 1594
    },
    "1": {
      "precision": 0.946524064171123,
      "recall": 0.9829692706405035,
      "f1-score": 0.9644024700326916,
      "support": 2701
    },
    "accuracy": 0.9543655413271246,
    "macro avg": {
      "precision": 0.9578257904748233,
      "recall": 0.9444331924093359,
      "f1-score": 0.9504243219164755,
      "support": 4295
    },
    "weighted avg": {
      "precision": 0.9549128659071408,
      "recall": 0.9543655413271246,
      "f1-score": 0.9540270716172091,
      "support": 4295
    }
  },
  "confusion_matriz": [
    [
      1444,
      150
    ],
    [
      46,
      2655
    ]
  ],
  "parameters": {
    "C": 0.125,
    "break_ties": false,
    "cache_size": 200,
    "class_weight": "balanced",
    "coef0": 0.0,
    "decision_function_shape": "ovr",
    "degree": 3,
    "gamma": "scale",
    "kernel": "linear",
    "max_iter": -1,
    "probability": false,
    "random_state": null,
    "shrinking": true,
    "tol": 0.001,
    "verbose": false
  }
}