{
  "fold": 0,
  "size": [
    4295,
    1994188
  ],
  "score": 0.9488774836778466,
  "report": {
    "0": {
      "precision": 0.968371467025572,
      "recall": 0.9027603513174404,
      "f1-score": 0.9344155844155844,
      "support": 1594
    },
    "1": {
      "precision": 0.9448202207191171,
      "recall": 0.9825990373935579,
      "f1-score": 0.9633393829401089,
      "support": 2701
    },
    "accuracy": 0.9529685681024447,
    "macro avg": {
      "precision": 0.9565958438723445,
      "recall": 0.9426796943554991,
      "f1-score": 0.9488774836778466,
      "support": 4295
    },
    "weighted avg": {
      "precision": 0.953560776391408,
      "recall": 0.9529685681024447,
      "f1-score": 0.9526049161535916,
      "support": 4295
    }
  },
  "confusion_matriz": [
    [
      1439,
      155
    ],
    [
      47,
      2654
    ]
  ],
  "parameters": {
    "C": 0.125,
    "break_ties": false,
    "cache_size": 200,
    "class_weight": "balanced",
    "coef0": 0.0,
    "decision_function_shape": "ovr",
    "degree": 3,
    "gamma": "scale",
    "kernel": "linear",
    "max_iter": -1,
    "probability": false,
    "random_state": null,
    "shrinking": true,
    "tol": 0.001,
    "verbose": false
  }
}