{
  "fold": 5,
  "size": [
    1873,
    1994188
  ],
  "score": 0.8496488059401968,
  "report": {
    "0": {
      "precision": 0.9971949509116409,
      "recall": 0.8920953575909661,
      "f1-score": 0.9417218543046358,
      "support": 1594
    },
    "1": {
      "precision": 0.6152125279642058,
      "recall": 0.985663082437276,
      "f1-score": 0.7575757575757577,
      "support": 279
    },
    "accuracy": 0.9060331019754405,
    "macro avg": {
      "precision": 0.8062037394379233,
      "recall": 0.938879220014121,
      "f1-score": 0.8496488059401968,
      "support": 1873
    },
    "weighted avg": {
      "precision": 0.9402952733877037,
      "recall": 0.9060331019754405,
      "f1-score": 0.9142916562334362,
      "support": 1873
    }
  },
  "confusion_matriz": [
    [
      1422,
      172
    ],
    [
      4,
      275
    ]
  ],
  "parameters": {
    "C": 0.125,
    "break_ties": false,
    "cache_size": 200,
    "class_weight": "balanced",
    "coef0": 0.0,
    "decision_function_shape": "ovr",
    "degree": 3,
    "gamma": "scale",
    "kernel": "linear",
    "max_iter": -1,
    "probability": false,
    "random_state": null,
    "shrinking": true,
    "tol": 0.001,
    "verbose": false
  }
}