{
  "fold": 6,
  "size": [
    3520,
    62792
  ],
  "score": 0.9032696834774206,
  "report": {
    "0": {
      "precision": 0.9375,
      "recall": 0.8469259723964868,
      "f1-score": 0.8899143045484509,
      "support": 1594
    },
    "1": {
      "precision": 0.8826923076923077,
      "recall": 0.9532710280373832,
      "f1-score": 0.9166250624063904,
      "support": 1926
    },
    "accuracy": 0.9051136363636364,
    "macro avg": {
      "precision": 0.9100961538461538,
      "recall": 0.900098500216935,
      "f1-score": 0.9032696834774206,
      "support": 3520
    },
    "weighted avg": {
      "precision": 0.9075114729020979,
      "recall": 0.9051136363636364,
      "f1-score": 0.904529338535494,
      "support": 3520
    }
  },
  "confusion_matriz": [
    [
      1350,
      244
    ],
    [
      90,
      1836
    ]
  ],
  "parameters": {
    "C": 0.125,
    "break_ties": false,
    "cache_size": 200,
    "class_weight": "balanced",
    "coef0": 0.0,
    "decision_function_shape": "ovr",
    "degree": 3,
    "gamma": "scale",
    "kernel": "linear",
    "max_iter": -1,
    "probability": false,
    "random_state": null,
    "shrinking": true,
    "tol": 0.001,
    "verbose": false
  }
}