{
  "fold": 6,
  "size": [
    4295,
    1994188
  ],
  "score": 0.9080887986589279,
  "report": {
    "0": {
      "precision": 0.9266435986159169,
      "recall": 0.8400250941028858,
      "f1-score": 0.8812109246462652,
      "support": 1594
    },
    "1": {
      "precision": 0.9105263157894737,
      "recall": 0.960755275823769,
      "f1-score": 0.9349666726715907,
      "support": 2701
    },
    "accuracy": 0.9159487776484284,
    "macro avg": {
      "precision": 0.9185849572026954,
      "recall": 0.9003901849633273,
      "f1-score": 0.9080887986589279,
      "support": 4295
    },
    "weighted avg": {
      "precision": 0.9165079103937464,
      "recall": 0.9159487776484284,
      "f1-score": 0.9150163438351836,
      "support": 4295
    }
  },
  "confusion_matriz": [
    [
      1339,
      255
    ],
    [
      106,
      2595
    ]
  ],
  "parameters": {
    "C": 0.03125,
    "break_ties": false,
    "cache_size": 200,
    "class_weight": "balanced",
    "coef0": 0.0,
    "decision_function_shape": "ovr",
    "degree": 3,
    "gamma": "scale",
    "kernel": "linear",
    "max_iter": -1,
    "probability": false,
    "random_state": null,
    "shrinking": true,
    "tol": 0.001,
    "verbose": false
  }
}