{
  "fold": 3,
  "size": [
    3520,
    1994188
  ],
  "score": 0.9101769987264099,
  "report": {
    "0": {
      "precision": 0.9476987447698745,
      "recall": 0.8525721455457967,
      "f1-score": 0.8976221928665786,
      "support": 1594
    },
    "1": {
      "precision": 0.8873441994247363,
      "recall": 0.9610591900311527,
      "f1-score": 0.9227318045862413,
      "support": 1926
    },
    "accuracy": 0.9119318181818182,
    "macro avg": {
      "precision": 0.9175214720973054,
      "recall": 0.9068156677884747,
      "f1-score": 0.9101769987264099,
      "support": 3520
    },
    "weighted avg": {
      "precision": 0.9146752066065972,
      "recall": 0.9119318181818182,
      "f1-score": 0.9113611451881894,
      "support": 3520
    }
  },
  "confusion_matriz": [
    [
      1359,
      235
    ],
    [
      75,
      1851
    ]
  ],
  "parameters": {
    "C": 0.03125,
    "break_ties": false,
    "cache_size": 200,
    "class_weight": "balanced",
    "coef0": 0.0,
    "decision_function_shape": "ovr",
    "degree": 3,
    "gamma": "scale",
    "kernel": "linear",
    "max_iter": -1,
    "probability": false,
    "random_state": null,
    "shrinking": true,
    "tol": 0.001,
    "verbose": false
  }
}