{
  "fold": 3,
  "size": [
    4295,
    62792
  ],
  "score": 0.8441007236227824,
  "report": {
    "0": {
      "precision": 0.8123393316195373,
      "recall": 0.7929736511919699,
      "f1-score": 0.8025396825396826,
      "support": 1594
    },
    "1": {
      "precision": 0.8795180722891566,
      "recall": 0.8918918918918919,
      "f1-score": 0.8856617647058822,
      "support": 2701
    },
    "accuracy": 0.8551804423748545,
    "macro avg": {
      "precision": 0.8459287019543469,
      "recall": 0.8424327715419309,
      "f1-score": 0.8441007236227824,
      "support": 4295
    },
    "weighted avg": {
      "precision": 0.8545860786622943,
      "recall": 0.8551804423748545,
      "f1-score": 0.8548127311848291,
      "support": 4295
    }
  },
  "confusion_matriz": [
    [
      1264,
      330
    ],
    [
      292,
      2409
    ]
  ],
  "parameters": {
    "C": 0.03125,
    "break_ties": false,
    "cache_size": 200,
    "class_weight": "balanced",
    "coef0": 0.0,
    "decision_function_shape": "ovr",
    "degree": 3,
    "gamma": "scale",
    "kernel": "linear",
    "max_iter": -1,
    "probability": false,
    "random_state": null,
    "shrinking": true,
    "tol": 0.001,
    "verbose": false
  }
}