{
  "fold": 6,
  "size": [
    2090,
    1994188
  ],
  "score": 0.8407225085901164,
  "report": {
    "0": {
      "precision": 0.9845588235294118,
      "recall": 0.8400250941028858,
      "f1-score": 0.9065673662830062,
      "support": 1594
    },
    "1": {
      "precision": 0.6506849315068494,
      "recall": 0.9576612903225806,
      "f1-score": 0.7748776508972268,
      "support": 496
    },
    "accuracy": 0.8679425837320575,
    "macro avg": {
      "precision": 0.8176218775181305,
      "recall": 0.8988431922127332,
      "f1-score": 0.8407225085901164,
      "support": 2090
    },
    "weighted avg": {
      "precision": 0.9053236797766889,
      "recall": 0.8679425837320575,
      "f1-score": 0.8753146874163331,
      "support": 2090
    }
  },
  "confusion_matriz": [
    [
      1339,
      255
    ],
    [
      21,
      475
    ]
  ],
  "parameters": {
    "C": 0.03125,
    "break_ties": false,
    "cache_size": 200,
    "class_weight": "balanced",
    "coef0": 0.0,
    "decision_function_shape": "ovr",
    "degree": 3,
    "gamma": "scale",
    "kernel": "linear",
    "max_iter": -1,
    "probability": false,
    "random_state": null,
    "shrinking": true,
    "tol": 0.001,
    "verbose": false
  }
}