{
  "fold": 0,
  "size": [
    3520,
    62792
  ],
  "score": 0.9056759794978088,
  "report": {
    "0": {
      "precision": 0.9366391184573003,
      "recall": 0.8531994981179423,
      "f1-score": 0.8929743926460932,
      "support": 1594
    },
    "1": {
      "precision": 0.8868471953578336,
      "recall": 0.952232606438214,
      "f1-score": 0.9183775663495243,
      "support": 1926
    },
    "accuracy": 0.9073863636363636,
    "macro avg": {
      "precision": 0.9117431569075669,
      "recall": 0.9027160522780782,
      "f1-score": 0.9056759794978088,
      "support": 3520
    },
    "weighted avg": {
      "precision": 0.9093950150795806,
      "recall": 0.9073863636363636,
      "f1-score": 0.9068739700758682,
      "support": 3520
    }
  },
  "confusion_matriz": [
    [
      1360,
      234
    ],
    [
      92,
      1834
    ]
  ],
  "parameters": {
    "C": 0.125,
    "break_ties": false,
    "cache_size": 200,
    "class_weight": "balanced",
    "coef0": 0.0,
    "decision_function_shape": "ovr",
    "degree": 3,
    "gamma": "scale",
    "kernel": "linear",
    "max_iter": -1,
    "probability": false,
    "random_state": null,
    "shrinking": true,
    "tol": 0.001,
    "verbose": false
  }
}