{
  "fold": 3,
  "size": [
    1873,
    1994188
  ],
  "score": 0.8022072137891381,
  "report": {
    "0": {
      "precision": 0.9926953981008035,
      "recall": 0.8525721455457967,
      "f1-score": 0.9173135335808302,
      "support": 1594
    },
    "1": {
      "precision": 0.5337301587301587,
      "recall": 0.96415770609319,
      "f1-score": 0.6871008939974458,
      "support": 279
    },
    "accuracy": 0.8691938067271756,
    "macro avg": {
      "precision": 0.7632127784154812,
      "recall": 0.9083649258194934,
      "f1-score": 0.8022072137891381,
      "support": 1873
    },
    "weighted avg": {
      "precision": 0.9243284457332595,
      "recall": 0.8691938067271756,
      "f1-score": 0.8830213144437431,
      "support": 1873
    }
  },
  "confusion_matriz": [
    [
      1359,
      235
    ],
    [
      10,
      269
    ]
  ],
  "parameters": {
    "C": 0.03125,
    "break_ties": false,
    "cache_size": 200,
    "class_weight": "balanced",
    "coef0": 0.0,
    "decision_function_shape": "ovr",
    "degree": 3,
    "gamma": "scale",
    "kernel": "linear",
    "max_iter": -1,
    "probability": false,
    "random_state": null,
    "shrinking": true,
    "tol": 0.001,
    "verbose": false
  }
}