{
  "fold": 4,
  "size": [
    2112,
    62792
  ],
  "score": 0.6212355215743937,
  "report": {
    "0": {
      "precision": 0.8187134502923976,
      "recall": 0.7904642409033877,
      "f1-score": 0.8043408873284391,
      "support": 1594
    },
    "1": {
      "precision": 0.41710296684118675,
      "recall": 0.4613899613899614,
      "f1-score": 0.4381301558203483,
      "support": 518
    },
    "accuracy": 0.7097537878787878,
    "macro avg": {
      "precision": 0.6179082085667922,
      "recall": 0.6259271011466746,
      "f1-score": 0.6212355215743937,
      "support": 2112
    },
    "weighted avg": {
      "precision": 0.7202123942186631,
      "recall": 0.7097537878787878,
      "f1-score": 0.7145221567786328,
      "support": 2112
    }
  },
  "confusion_matriz": [
    [
      1260,
      334
    ],
    [
      279,
      239
    ]
  ],
  "parameters": {
    "C": 0.03125,
    "break_ties": false,
    "cache_size": 200,
    "class_weight": "balanced",
    "coef0": 0.0,
    "decision_function_shape": "ovr",
    "degree": 3,
    "gamma": "scale",
    "kernel": "linear",
    "max_iter": -1,
    "probability": false,
    "random_state": null,
    "shrinking": true,
    "tol": 0.001,
    "verbose": false
  }
}