{
  "fold": 7,
  "size": [
    3520,
    62792
  ],
  "score": 0.8444360013508949,
  "report": {
    "0": {
      "precision": 0.8741159830268741,
      "recall": 0.7754077791718946,
      "f1-score": 0.8218085106382979,
      "support": 1594
    },
    "1": {
      "precision": 0.8300094966761633,
      "recall": 0.9075804776739356,
      "f1-score": 0.867063492063492,
      "support": 1926
    },
    "accuracy": 0.8477272727272728,
    "macro avg": {
      "precision": 0.8520627398515187,
      "recall": 0.8414941284229152,
      "f1-score": 0.8444360013508949,
      "support": 3520
    },
    "weighted avg": {
      "precision": 0.849982718052025,
      "recall": 0.8477272727272728,
      "f1-score": 0.8465701851340149,
      "support": 3520
    }
  },
  "confusion_matriz": [
    [
      1236,
      358
    ],
    [
      178,
      1748
    ]
  ],
  "parameters": {
    "C": 0.03125,
    "break_ties": false,
    "cache_size": 200,
    "class_weight": "balanced",
    "coef0": 0.0,
    "decision_function_shape": "ovr",
    "degree": 3,
    "gamma": "scale",
    "kernel": "linear",
    "max_iter": -1,
    "probability": false,
    "random_state": null,
    "shrinking": true,
    "tol": 0.001,
    "verbose": false
  }
}