{
  "fold": 4,
  "size": [
    3520,
    62792
  ],
  "score": 0.8503065407562702,
  "report": {
    "0": {
      "precision": 0.8731808731808732,
      "recall": 0.7904642409033877,
      "f1-score": 0.8297662166611788,
      "support": 1594
    },
    "1": {
      "precision": 0.8391911410688493,
      "recall": 0.9049844236760125,
      "f1-score": 0.8708468648513615,
      "support": 1926
    },
    "accuracy": 0.853125,
    "macro avg": {
      "precision": 0.8561860071248613,
      "recall": 0.8477243322897001,
      "f1-score": 0.8503065407562702,
      "support": 3520
    },
    "weighted avg": {
      "precision": 0.8545830822582147,
      "recall": 0.853125,
      "f1-score": 0.8522438667788753,
      "support": 3520
    }
  },
  "confusion_matriz": [
    [
      1260,
      334
    ],
    [
      183,
      1743
    ]
  ],
  "parameters": {
    "C": 0.03125,
    "break_ties": false,
    "cache_size": 200,
    "class_weight": "balanced",
    "coef0": 0.0,
    "decision_function_shape": "ovr",
    "degree": 3,
    "gamma": "scale",
    "kernel": "linear",
    "max_iter": -1,
    "probability": false,
    "random_state": null,
    "shrinking": true,
    "tol": 0.001,
    "verbose": false
  }
}