{
  "fold": 5,
  "size": [
    3520,
    62792
  ],
  "score": 0.8426679940400145,
  "report": {
    "0": {
      "precision": 0.8725212464589235,
      "recall": 0.7728983688833124,
      "f1-score": 0.8196939454424484,
      "support": 1594
    },
    "1": {
      "precision": 0.8282732447817837,
      "recall": 0.9065420560747663,
      "f1-score": 0.8656420426375805,
      "support": 1926
    },
    "accuracy": 0.8460227272727273,
    "macro avg": {
      "precision": 0.8503972456203536,
      "recall": 0.8397202124790394,
      "f1-score": 0.8426679940400145,
      "support": 3520
    },
    "weighted avg": {
      "precision": 0.8483105500867157,
      "recall": 0.8460227272727273,
      "f1-score": 0.8448348645327395,
      "support": 3520
    }
  },
  "confusion_matriz": [
    [
      1232,
      362
    ],
    [
      180,
      1746
    ]
  ],
  "parameters": {
    "C": 0.03125,
    "break_ties": false,
    "cache_size": 200,
    "class_weight": "balanced",
    "coef0": 0.0,
    "decision_function_shape": "ovr",
    "degree": 3,
    "gamma": "scale",
    "kernel": "linear",
    "max_iter": -1,
    "probability": false,
    "random_state": null,
    "shrinking": true,
    "tol": 0.001,
    "verbose": false
  }
}