{
  "fold": 9,
  "size": [
    4295,
    1994188
  ],
  "score": 0.9185848102573945,
  "report": {
    "0": {
      "precision": 0.9326988443235894,
      "recall": 0.8607277289836889,
      "f1-score": 0.8952691680261012,
      "support": 1594
    },
    "1": {
      "precision": 0.9213881019830028,
      "recall": 0.963346908552388,
      "f1-score": 0.9419004524886877,
      "support": 2701
    },
    "accuracy": 0.9252619324796275,
    "macro avg": {
      "precision": 0.9270434731532962,
      "recall": 0.9120373187680384,
      "f1-score": 0.9185848102573945,
      "support": 4295
    },
    "weighted avg": {
      "precision": 0.925585848965749,
      "recall": 0.9252619324796275,
      "f1-score": 0.9245942202574041,
      "support": 4295
    }
  },
  "confusion_matriz": [
    [
      1372,
      222
    ],
    [
      99,
      2602
    ]
  ],
  "parameters": {
    "C": 0.03125,
    "break_ties": false,
    "cache_size": 200,
    "class_weight": "balanced",
    "coef0": 0.0,
    "decision_function_shape": "ovr",
    "degree": 3,
    "gamma": "scale",
    "kernel": "linear",
    "max_iter": -1,
    "probability": false,
    "random_state": null,
    "shrinking": true,
    "tol": 0.001,
    "verbose": false
  }
}