{
  "fold": 2,
  "size": [
    4295,
    1994188
  ],
  "score": 0.9184419426327761,
  "report": {
    "0": {
      "precision": 0.9362577107607951,
      "recall": 0.8569636135508155,
      "f1-score": 0.8948575171962004,
      "support": 1594
    },
    "1": {
      "precision": 0.919605077574048,
      "recall": 0.9655683080340615,
      "f1-score": 0.9420263680693517,
      "support": 2701
    },
    "accuracy": 0.9252619324796275,
    "macro avg": {
      "precision": 0.9279313941674215,
      "recall": 0.9112659607924385,
      "f1-score": 0.9184419426327761,
      "support": 4295
    },
    "weighted avg": {
      "precision": 0.9257853563399793,
      "recall": 0.9252619324796275,
      "f1-score": 0.9245206292354046,
      "support": 4295
    }
  },
  "confusion_matriz": [
    [
      1366,
      228
    ],
    [
      93,
      2608
    ]
  ],
  "parameters": {
    "C": 0.03125,
    "break_ties": false,
    "cache_size": 200,
    "class_weight": "balanced",
    "coef0": 0.0,
    "decision_function_shape": "ovr",
    "degree": 3,
    "gamma": "scale",
    "kernel": "linear",
    "max_iter": -1,
    "probability": false,
    "random_state": null,
    "shrinking": true,
    "tol": 0.001,
    "verbose": false
  }
}