{
  "fold": 2,
  "size": [
    4295,
    62792
  ],
  "score": 0.8536416721715863,
  "report": {
    "0": {
      "precision": 0.8334430546412114,
      "recall": 0.794228356336261,
      "f1-score": 0.8133633151300995,
      "support": 1594
    },
    "1": {
      "precision": 0.8818443804034583,
      "recall": 0.9063309885227694,
      "f1-score": 0.8939200292130729,
      "support": 2701
    },
    "accuracy": 0.8647264260768335,
    "macro avg": {
      "precision": 0.8576437175223348,
      "recall": 0.8502796724295152,
      "f1-score": 0.8536416721715863,
      "support": 4295
    },
    "weighted avg": {
      "precision": 0.8638812341252228,
      "recall": 0.8647264260768335,
      "f1-score": 0.8640230787478204,
      "support": 4295
    }
  },
  "confusion_matriz": [
    [
      1266,
      328
    ],
    [
      253,
      2448
    ]
  ],
  "parameters": {
    "C": 0.03125,
    "break_ties": false,
    "cache_size": 200,
    "class_weight": "balanced",
    "coef0": 0.0,
    "decision_function_shape": "ovr",
    "degree": 3,
    "gamma": "scale",
    "kernel": "linear",
    "max_iter": -1,
    "probability": false,
    "random_state": null,
    "shrinking": true,
    "tol": 0.001,
    "verbose": false
  }
}