{
  "fold": 4,
  "size": [
    1873,
    62792
  ],
  "score": 0.7306162070083126,
  "report": {
    "0": {
      "precision": 0.980544747081712,
      "recall": 0.7904642409033877,
      "f1-score": 0.8753039249739493,
      "support": 1594
    },
    "1": {
      "precision": 0.43197278911564624,
      "recall": 0.910394265232975,
      "f1-score": 0.5859284890426759,
      "support": 279
    },
    "accuracy": 0.808328884143086,
    "macro avg": {
      "precision": 0.7062587680986792,
      "recall": 0.8504292530681814,
      "f1-score": 0.7306162070083126,
      "support": 1873
    },
    "weighted avg": {
      "precision": 0.8988300774220578,
      "recall": 0.808328884143086,
      "f1-score": 0.8321988813942242,
      "support": 1873
    }
  },
  "confusion_matriz": [
    [
      1260,
      334
    ],
    [
      25,
      254
    ]
  ],
  "parameters": {
    "C": 0.03125,
    "break_ties": false,
    "cache_size": 200,
    "class_weight": "balanced",
    "coef0": 0.0,
    "decision_function_shape": "ovr",
    "degree": 3,
    "gamma": "scale",
    "kernel": "linear",
    "max_iter": -1,
    "probability": false,
    "random_state": null,
    "shrinking": true,
    "tol": 0.001,
    "verbose": false
  }
}