{
  "fold": 6,
  "size": [
    1873,
    1994188
  ],
  "score": 0.7929111595010213,
  "report": {
    "0": {
      "precision": 0.9947994056463596,
      "recall": 0.8400250941028858,
      "f1-score": 0.9108843537414967,
      "support": 1594
    },
    "1": {
      "precision": 0.5161290322580645,
      "recall": 0.974910394265233,
      "f1-score": 0.674937965260546,
      "support": 279
    },
    "accuracy": 0.8601174586225308,
    "macro avg": {
      "precision": 0.755464218952212,
      "recall": 0.9074677441840594,
      "f1-score": 0.7929111595010213,
      "support": 1873
    },
    "weighted avg": {
      "precision": 0.9234971983984502,
      "recall": 0.8601174586225308,
      "f1-score": 0.8757380417360587,
      "support": 1873
    }
  },
  "confusion_matriz": [
    [
      1339,
      255
    ],
    [
      7,
      272
    ]
  ],
  "parameters": {
    "C": 0.03125,
    "break_ties": false,
    "cache_size": 200,
    "class_weight": "balanced",
    "coef0": 0.0,
    "decision_function_shape": "ovr",
    "degree": 3,
    "gamma": "scale",
    "kernel": "linear",
    "max_iter": -1,
    "probability": false,
    "random_state": null,
    "shrinking": true,
    "tol": 0.001,
    "verbose": false
  }
}