{
  "fold": 9,
  "size": [
    4295,
    62792
  ],
  "score": 0.9088473085276976,
  "report": {
    "0": {
      "precision": 0.90473061760841,
      "recall": 0.8638644918444166,
      "f1-score": 0.8838254172015404,
      "support": 1594
    },
    "1": {
      "precision": 0.9217454020915975,
      "recall": 0.9463161791928916,
      "f1-score": 0.9338691998538546,
      "support": 2701
    },
    "accuracy": 0.9157159487776484,
    "macro avg": {
      "precision": 0.9132380098500037,
      "recall": 0.9050903355186541,
      "f1-score": 0.9088473085276976,
      "support": 4295
    },
    "weighted avg": {
      "precision": 0.9154307183974879,
      "recall": 0.9157159487776484,
      "f1-score": 0.9152964898310866,
      "support": 4295
    }
  },
  "confusion_matriz": [
    [
      1377,
      217
    ],
    [
      145,
      2556
    ]
  ],
  "parameters": {
    "C": 0.125,
    "break_ties": false,
    "cache_size": 200,
    "class_weight": "balanced",
    "coef0": 0.0,
    "decision_function_shape": "ovr",
    "degree": 3,
    "gamma": "scale",
    "kernel": "linear",
    "max_iter": -1,
    "probability": false,
    "random_state": null,
    "shrinking": true,
    "tol": 0.001,
    "verbose": false
  }
}