{
  "fold": 3,
  "size": [
    2090,
    1994188
  ],
  "score": 0.8481934630998929,
  "report": {
    "0": {
      "precision": 0.9819364161849711,
      "recall": 0.8525721455457967,
      "f1-score": 0.9126930826057758,
      "support": 1594
    },
    "1": {
      "precision": 0.6671388101983002,
      "recall": 0.9495967741935484,
      "f1-score": 0.78369384359401,
      "support": 496
    },
    "accuracy": 0.8755980861244019,
    "macro avg": {
      "precision": 0.8245376131916357,
      "recall": 0.9010844598696726,
      "f1-score": 0.8481934630998929,
      "support": 2090
    },
    "weighted avg": {
      "precision": 0.9072284675871773,
      "recall": 0.8755980861244019,
      "f1-score": 0.8820789091369549,
      "support": 2090
    }
  },
  "confusion_matriz": [
    [
      1359,
      235
    ],
    [
      25,
      471
    ]
  ],
  "parameters": {
    "C": 0.03125,
    "break_ties": false,
    "cache_size": 200,
    "class_weight": "balanced",
    "coef0": 0.0,
    "decision_function_shape": "ovr",
    "degree": 3,
    "gamma": "scale",
    "kernel": "linear",
    "max_iter": -1,
    "probability": false,
    "random_state": null,
    "shrinking": true,
    "tol": 0.001,
    "verbose": false
  }
}