{
  "fold": 1,
  "size": [
    2090,
    1994188
  ],
  "score": 0.9050570372460088,
  "report": {
    "0": {
      "precision": 0.9951757408683667,
      "recall": 0.9058971141781681,
      "f1-score": 0.948440065681445,
      "support": 1594
    },
    "1": {
      "precision": 0.7652582159624414,
      "recall": 0.9858870967741935,
      "f1-score": 0.8616740088105727,
      "support": 496
    },
    "accuracy": 0.9248803827751196,
    "macro avg": {
      "precision": 0.880216978415404,
      "recall": 0.9458921054761809,
      "f1-score": 0.9050570372460088,
      "support": 2090
    },
    "weighted avg": {
      "precision": 0.9406115818476304,
      "recall": 0.9248803827751196,
      "f1-score": 0.9278486952470179,
      "support": 2090
    }
  },
  "confusion_matriz": [
    [
      1444,
      150
    ],
    [
      7,
      489
    ]
  ],
  "parameters": {
    "C": 0.125,
    "break_ties": false,
    "cache_size": 200,
    "class_weight": "balanced",
    "coef0": 0.0,
    "decision_function_shape": "ovr",
    "degree": 3,
    "gamma": "scale",
    "kernel": "linear",
    "max_iter": -1,
    "probability": false,
    "random_state": null,
    "shrinking": true,
    "tol": 0.001,
    "verbose": false
  }
}