{
  "fold": 3,
  "size": [
    2112,
    1994188
  ],
  "score": 0.764758907409566,
  "report": {
    "0": {
      "precision": 0.899404367968233,
      "recall": 0.8525721455457967,
      "f1-score": 0.8753623188405797,
      "support": 1594
    },
    "1": {
      "precision": 0.6089850249584027,
      "recall": 0.7065637065637066,
      "f1-score": 0.6541554959785523,
      "support": 518
    },
    "accuracy": 0.8167613636363636,
    "macro avg": {
      "precision": 0.7541946964633178,
      "recall": 0.7795679260547517,
      "f1-score": 0.764758907409566,
      "support": 2112
    },
    "weighted avg": {
      "precision": 0.8281746238019961,
      "recall": 0.8167613636363636,
      "f1-score": 0.8211079939151393,
      "support": 2112
    }
  },
  "confusion_matriz": [
    [
      1359,
      235
    ],
    [
      152,
      366
    ]
  ],
  "parameters": {
    "C": 0.03125,
    "break_ties": false,
    "cache_size": 200,
    "class_weight": "balanced",
    "coef0": 0.0,
    "decision_function_shape": "ovr",
    "degree": 3,
    "gamma": "scale",
    "kernel": "linear",
    "max_iter": -1,
    "probability": false,
    "random_state": null,
    "shrinking": true,
    "tol": 0.001,
    "verbose": false
  }
}