{
  "fold": 8,
  "size": [
    1873,
    62792
  ],
  "score": 0.7351184431028812,
  "report": {
    "0": {
      "precision": 0.9828793774319066,
      "recall": 0.7923462986198243,
      "f1-score": 0.8773879819381729,
      "support": 1594
    },
    "1": {
      "precision": 0.4370748299319728,
      "recall": 0.921146953405018,
      "f1-score": 0.5928489042675894,
      "support": 279
    },
    "accuracy": 0.8115323011211959,
    "macro avg": {
      "precision": 0.7099771036819397,
      "recall": 0.8567466260124211,
      "f1-score": 0.7351184431028812,
      "support": 1873
    },
    "weighted avg": {
      "precision": 0.9015769381620286,
      "recall": 0.8115323011211959,
      "f1-score": 0.8350033569140978,
      "support": 1873
    }
  },
  "confusion_matriz": [
    [
      1263,
      331
    ],
    [
      22,
      257
    ]
  ],
  "parameters": {
    "C": 0.03125,
    "break_ties": false,
    "cache_size": 200,
    "class_weight": "balanced",
    "coef0": 0.0,
    "decision_function_shape": "ovr",
    "degree": 3,
    "gamma": "scale",
    "kernel": "linear",
    "max_iter": -1,
    "probability": false,
    "random_state": null,
    "shrinking": true,
    "tol": 0.001,
    "verbose": false
  }
}