{
  "fold": 4,
  "size": [
    1873,
    1994188
  ],
  "score": 0.8050698179572606,
  "report": {
    "0": {
      "precision": 0.9934354485776805,
      "recall": 0.8544542032622334,
      "f1-score": 0.9187183811129849,
      "support": 1594
    },
    "1": {
      "precision": 0.5378486055776892,
      "recall": 0.967741935483871,
      "f1-score": 0.6914212548015365,
      "support": 279
    },
    "accuracy": 0.8713294180459157,
    "macro avg": {
      "precision": 0.7656420270776849,
      "recall": 0.9110980693730522,
      "f1-score": 0.8050698179572606,
      "support": 1873
    },
    "weighted avg": {
      "precision": 0.9255717383817395,
      "recall": 0.8713294180459157,
      "f1-score": 0.8848604535951557,
      "support": 1873
    }
  },
  "confusion_matriz": [
    [
      1362,
      232
    ],
    [
      9,
      270
    ]
  ],
  "parameters": {
    "C": 0.03125,
    "break_ties": false,
    "cache_size": 200,
    "class_weight": "balanced",
    "coef0": 0.0,
    "decision_function_shape": "ovr",
    "degree": 3,
    "gamma": "scale",
    "kernel": "linear",
    "max_iter": -1,
    "probability": false,
    "random_state": null,
    "shrinking": true,
    "tol": 0.001,
    "verbose": false
  }
}