{
  "fold": 4,
  "size": [
    4295,
    62792
  ],
  "score": 0.8437034259679119,
  "report": {
    "0": {
      "precision": 0.8134280180761781,
      "recall": 0.7904642409033877,
      "f1-score": 0.8017817371937639,
      "support": 1594
    },
    "1": {
      "precision": 0.8783685360524399,
      "recall": 0.8930025916327287,
      "f1-score": 0.88562511474206,
      "support": 2701
    },
    "accuracy": 0.8549476135040746,
    "macro avg": {
      "precision": 0.8458982770643091,
      "recall": 0.8417334162680582,
      "f1-score": 0.8437034259679119,
      "support": 4295
    },
    "weighted avg": {
      "precision": 0.8542672122680018,
      "recall": 0.8549476135040746,
      "f1-score": 0.8545083874284432,
      "support": 4295
    }
  },
  "confusion_matriz": [
    [
      1260,
      334
    ],
    [
      289,
      2412
    ]
  ],
  "parameters": {
    "C": 0.03125,
    "break_ties": false,
    "cache_size": 200,
    "class_weight": "balanced",
    "coef0": 0.0,
    "decision_function_shape": "ovr",
    "degree": 3,
    "gamma": "scale",
    "kernel": "linear",
    "max_iter": -1,
    "probability": false,
    "random_state": null,
    "shrinking": true,
    "tol": 0.001,
    "verbose": false
  }
}